date,application,page_views
2019-12-30,FIND EQA directory (COVID-19),0
2019-12-30,FIND Test directory (COVID-19),0
2019-12-30,FIND Test directory (Ebola),0
2019-12-30,FIND Test directory (Monkeypox),0
2019-12-30,FIND Test directory (NTDs),0
2020-01-06,FIND EQA directory (COVID-19),0
2020-01-06,FIND Test directory (COVID-19),0
2020-01-06,FIND Test directory (Ebola),0
2020-01-06,FIND Test directory (Monkeypox),0
2020-01-06,FIND Test directory (NTDs),0
2020-01-13,FIND EQA directory (COVID-19),0
2020-01-13,FIND Test directory (COVID-19),0
2020-01-13,FIND Test directory (Ebola),0
2020-01-13,FIND Test directory (Monkeypox),0
2020-01-13,FIND Test directory (NTDs),0
2020-01-20,FIND EQA directory (COVID-19),0
2020-01-20,FIND Test directory (COVID-19),0
2020-01-20,FIND Test directory (Ebola),0
2020-01-20,FIND Test directory (Monkeypox),0
2020-01-20,FIND Test directory (NTDs),0
2020-01-27,FIND EQA directory (COVID-19),0
2020-01-27,FIND Test directory (COVID-19),0
2020-01-27,FIND Test directory (Ebola),0
2020-01-27,FIND Test directory (Monkeypox),0
2020-01-27,FIND Test directory (NTDs),0
2020-02-03,FIND EQA directory (COVID-19),0
2020-02-03,FIND Test directory (COVID-19),0
2020-02-03,FIND Test directory (Ebola),0
2020-02-03,FIND Test directory (Monkeypox),0
2020-02-03,FIND Test directory (NTDs),0
2020-02-10,FIND EQA directory (COVID-19),0
2020-02-10,FIND Test directory (COVID-19),0
2020-02-10,FIND Test directory (Ebola),0
2020-02-10,FIND Test directory (Monkeypox),0
2020-02-10,FIND Test directory (NTDs),0
2020-02-17,FIND EQA directory (COVID-19),0
2020-02-17,FIND Test directory (COVID-19),0
2020-02-17,FIND Test directory (Ebola),0
2020-02-17,FIND Test directory (Monkeypox),0
2020-02-17,FIND Test directory (NTDs),0
2020-02-24,FIND EQA directory (COVID-19),0
2020-02-24,FIND Test directory (COVID-19),0
2020-02-24,FIND Test directory (Ebola),0
2020-02-24,FIND Test directory (Monkeypox),0
2020-02-24,FIND Test directory (NTDs),0
2020-03-02,FIND EQA directory (COVID-19),0
2020-03-02,FIND Test directory (COVID-19),0
2020-03-02,FIND Test directory (Ebola),0
2020-03-02,FIND Test directory (Monkeypox),0
2020-03-02,FIND Test directory (NTDs),0
2020-03-09,FIND EQA directory (COVID-19),0
2020-03-09,FIND Test directory (COVID-19),0
2020-03-09,FIND Test directory (Ebola),0
2020-03-09,FIND Test directory (Monkeypox),0
2020-03-09,FIND Test directory (NTDs),0
2020-03-16,FIND EQA directory (COVID-19),0
2020-03-16,FIND Test directory (COVID-19),0
2020-03-16,FIND Test directory (Ebola),0
2020-03-16,FIND Test directory (Monkeypox),0
2020-03-16,FIND Test directory (NTDs),0
2020-03-23,FIND EQA directory (COVID-19),0
2020-03-23,FIND Test directory (COVID-19),0
2020-03-23,FIND Test directory (Ebola),0
2020-03-23,FIND Test directory (Monkeypox),0
2020-03-23,FIND Test directory (NTDs),0
2020-03-30,FIND EQA directory (COVID-19),0
2020-03-30,FIND Test directory (COVID-19),0
2020-03-30,FIND Test directory (Ebola),0
2020-03-30,FIND Test directory (Monkeypox),0
2020-03-30,FIND Test directory (NTDs),0
2020-04-06,FIND EQA directory (COVID-19),0
2020-04-06,FIND Test directory (COVID-19),0
2020-04-06,FIND Test directory (Ebola),0
2020-04-06,FIND Test directory (Monkeypox),0
2020-04-06,FIND Test directory (NTDs),0
2020-04-13,FIND EQA directory (COVID-19),0
2020-04-13,FIND Test directory (COVID-19),0
2020-04-13,FIND Test directory (Ebola),0
2020-04-13,FIND Test directory (Monkeypox),0
2020-04-13,FIND Test directory (NTDs),0
2020-04-20,FIND EQA directory (COVID-19),0
2020-04-20,FIND Test directory (COVID-19),0
2020-04-20,FIND Test directory (Ebola),0
2020-04-20,FIND Test directory (Monkeypox),0
2020-04-20,FIND Test directory (NTDs),0
2020-04-27,FIND EQA directory (COVID-19),0
2020-04-27,FIND Test directory (COVID-19),0
2020-04-27,FIND Test directory (Ebola),0
2020-04-27,FIND Test directory (Monkeypox),0
2020-04-27,FIND Test directory (NTDs),0
2020-05-04,FIND EQA directory (COVID-19),0
2020-05-04,FIND Test directory (COVID-19),0
2020-05-04,FIND Test directory (Ebola),0
2020-05-04,FIND Test directory (Monkeypox),0
2020-05-04,FIND Test directory (NTDs),0
2020-05-11,FIND EQA directory (COVID-19),0
2020-05-11,FIND Test directory (COVID-19),0
2020-05-11,FIND Test directory (Ebola),0
2020-05-11,FIND Test directory (Monkeypox),0
2020-05-11,FIND Test directory (NTDs),0
2020-05-18,FIND EQA directory (COVID-19),0
2020-05-18,FIND Test directory (COVID-19),0
2020-05-18,FIND Test directory (Ebola),0
2020-05-18,FIND Test directory (Monkeypox),0
2020-05-18,FIND Test directory (NTDs),0
2020-05-25,FIND EQA directory (COVID-19),0
2020-05-25,FIND Test directory (COVID-19),0
2020-05-25,FIND Test directory (Ebola),0
2020-05-25,FIND Test directory (Monkeypox),0
2020-05-25,FIND Test directory (NTDs),0
2020-06-01,FIND EQA directory (COVID-19),0
2020-06-01,FIND Test directory (COVID-19),0
2020-06-01,FIND Test directory (Ebola),0
2020-06-01,FIND Test directory (Monkeypox),0
2020-06-01,FIND Test directory (NTDs),0
2020-06-08,FIND EQA directory (COVID-19),0
2020-06-08,FIND Test directory (COVID-19),0
2020-06-08,FIND Test directory (Ebola),0
2020-06-08,FIND Test directory (Monkeypox),0
2020-06-08,FIND Test directory (NTDs),0
2020-06-15,FIND EQA directory (COVID-19),0
2020-06-15,FIND Test directory (COVID-19),0
2020-06-15,FIND Test directory (Ebola),0
2020-06-15,FIND Test directory (Monkeypox),0
2020-06-15,FIND Test directory (NTDs),0
2020-06-22,FIND EQA directory (COVID-19),0
2020-06-22,FIND Test directory (COVID-19),0
2020-06-22,FIND Test directory (Ebola),0
2020-06-22,FIND Test directory (Monkeypox),0
2020-06-22,FIND Test directory (NTDs),0
2020-06-29,FIND EQA directory (COVID-19),0
2020-06-29,FIND Test directory (COVID-19),0
2020-06-29,FIND Test directory (Ebola),0
2020-06-29,FIND Test directory (Monkeypox),0
2020-06-29,FIND Test directory (NTDs),0
2020-07-06,FIND EQA directory (COVID-19),0
2020-07-06,FIND Test directory (COVID-19),0
2020-07-06,FIND Test directory (Ebola),0
2020-07-06,FIND Test directory (Monkeypox),0
2020-07-06,FIND Test directory (NTDs),0
2020-07-13,FIND EQA directory (COVID-19),0
2020-07-13,FIND Test directory (COVID-19),0
2020-07-13,FIND Test directory (Ebola),0
2020-07-13,FIND Test directory (Monkeypox),0
2020-07-13,FIND Test directory (NTDs),0
2020-07-20,FIND EQA directory (COVID-19),0
2020-07-20,FIND Test directory (COVID-19),0
2020-07-20,FIND Test directory (Ebola),0
2020-07-20,FIND Test directory (Monkeypox),0
2020-07-20,FIND Test directory (NTDs),0
2020-07-27,FIND EQA directory (COVID-19),0
2020-07-27,FIND Test directory (COVID-19),0
2020-07-27,FIND Test directory (Ebola),0
2020-07-27,FIND Test directory (Monkeypox),0
2020-07-27,FIND Test directory (NTDs),0
2020-08-03,FIND EQA directory (COVID-19),0
2020-08-03,FIND Test directory (COVID-19),0
2020-08-03,FIND Test directory (Ebola),0
2020-08-03,FIND Test directory (Monkeypox),0
2020-08-03,FIND Test directory (NTDs),0
2020-08-10,FIND EQA directory (COVID-19),0
2020-08-10,FIND Test directory (COVID-19),0
2020-08-10,FIND Test directory (Ebola),0
2020-08-10,FIND Test directory (Monkeypox),0
2020-08-10,FIND Test directory (NTDs),0
2020-08-17,FIND EQA directory (COVID-19),0
2020-08-17,FIND Test directory (COVID-19),0
2020-08-17,FIND Test directory (Ebola),0
2020-08-17,FIND Test directory (Monkeypox),0
2020-08-17,FIND Test directory (NTDs),0
2020-08-24,FIND EQA directory (COVID-19),0
2020-08-24,FIND Test directory (COVID-19),0
2020-08-24,FIND Test directory (Ebola),0
2020-08-24,FIND Test directory (Monkeypox),0
2020-08-24,FIND Test directory (NTDs),0
2020-08-31,FIND EQA directory (COVID-19),0
2020-08-31,FIND Test directory (COVID-19),0
2020-08-31,FIND Test directory (Ebola),0
2020-08-31,FIND Test directory (Monkeypox),0
2020-08-31,FIND Test directory (NTDs),0
2020-09-07,FIND EQA directory (COVID-19),0
2020-09-07,FIND Test directory (COVID-19),0
2020-09-07,FIND Test directory (Ebola),0
2020-09-07,FIND Test directory (Monkeypox),0
2020-09-07,FIND Test directory (NTDs),0
2020-09-14,FIND EQA directory (COVID-19),0
2020-09-14,FIND Test directory (COVID-19),0
2020-09-14,FIND Test directory (Ebola),0
2020-09-14,FIND Test directory (Monkeypox),0
2020-09-14,FIND Test directory (NTDs),0
2020-09-21,FIND EQA directory (COVID-19),0
2020-09-21,FIND Test directory (COVID-19),0
2020-09-21,FIND Test directory (Ebola),0
2020-09-21,FIND Test directory (Monkeypox),0
2020-09-21,FIND Test directory (NTDs),0
2020-09-28,FIND EQA directory (COVID-19),0
2020-09-28,FIND Test directory (COVID-19),0
2020-09-28,FIND Test directory (Ebola),0
2020-09-28,FIND Test directory (Monkeypox),0
2020-09-28,FIND Test directory (NTDs),0
2020-10-05,FIND EQA directory (COVID-19),0
2020-10-05,FIND Test directory (COVID-19),0
2020-10-05,FIND Test directory (Ebola),0
2020-10-05,FIND Test directory (Monkeypox),0
2020-10-05,FIND Test directory (NTDs),0
2020-10-12,FIND EQA directory (COVID-19),0
2020-10-12,FIND Test directory (COVID-19),0
2020-10-12,FIND Test directory (Ebola),0
2020-10-12,FIND Test directory (Monkeypox),0
2020-10-12,FIND Test directory (NTDs),0
2020-10-19,FIND EQA directory (COVID-19),0
2020-10-19,FIND Test directory (COVID-19),0
2020-10-19,FIND Test directory (Ebola),0
2020-10-19,FIND Test directory (Monkeypox),0
2020-10-19,FIND Test directory (NTDs),0
2020-10-26,FIND EQA directory (COVID-19),0
2020-10-26,FIND Test directory (COVID-19),0
2020-10-26,FIND Test directory (Ebola),0
2020-10-26,FIND Test directory (Monkeypox),0
2020-10-26,FIND Test directory (NTDs),0
2020-11-02,FIND EQA directory (COVID-19),0
2020-11-02,FIND Test directory (COVID-19),0
2020-11-02,FIND Test directory (Ebola),0
2020-11-02,FIND Test directory (Monkeypox),0
2020-11-02,FIND Test directory (NTDs),0
2020-11-09,FIND EQA directory (COVID-19),0
2020-11-09,FIND Test directory (COVID-19),0
2020-11-09,FIND Test directory (Ebola),0
2020-11-09,FIND Test directory (Monkeypox),0
2020-11-09,FIND Test directory (NTDs),0
2020-11-16,FIND EQA directory (COVID-19),0
2020-11-16,FIND Test directory (COVID-19),0
2020-11-16,FIND Test directory (Ebola),0
2020-11-16,FIND Test directory (Monkeypox),0
2020-11-16,FIND Test directory (NTDs),0
2020-11-23,FIND EQA directory (COVID-19),0
2020-11-23,FIND Test directory (COVID-19),497
2020-11-23,FIND Test directory (Ebola),0
2020-11-23,FIND Test directory (Monkeypox),0
2020-11-23,FIND Test directory (NTDs),0
2020-11-30,FIND EQA directory (COVID-19),0
2020-11-30,FIND Test directory (COVID-19),92
2020-11-30,FIND Test directory (Ebola),0
2020-11-30,FIND Test directory (Monkeypox),0
2020-11-30,FIND Test directory (NTDs),0
2020-12-07,FIND EQA directory (COVID-19),0
2020-12-07,FIND Test directory (COVID-19),2
2020-12-07,FIND Test directory (Ebola),0
2020-12-07,FIND Test directory (Monkeypox),0
2020-12-07,FIND Test directory (NTDs),0
2020-12-14,FIND EQA directory (COVID-19),0
2020-12-14,FIND Test directory (COVID-19),1
2020-12-14,FIND Test directory (Ebola),0
2020-12-14,FIND Test directory (Monkeypox),0
2020-12-14,FIND Test directory (NTDs),0
2020-12-21,FIND EQA directory (COVID-19),0
2020-12-21,FIND Test directory (COVID-19),21
2020-12-21,FIND Test directory (Ebola),0
2020-12-21,FIND Test directory (Monkeypox),0
2020-12-21,FIND Test directory (NTDs),0
2020-12-28,FIND EQA directory (COVID-19),0
2020-12-28,FIND Test directory (COVID-19),1
2020-12-28,FIND Test directory (Ebola),0
2020-12-28,FIND Test directory (Monkeypox),0
2020-12-28,FIND Test directory (NTDs),0
2021-01-04,FIND EQA directory (COVID-19),0
2021-01-04,FIND Test directory (COVID-19),5
2021-01-04,FIND Test directory (Ebola),0
2021-01-04,FIND Test directory (Monkeypox),0
2021-01-04,FIND Test directory (NTDs),0
2021-01-11,FIND EQA directory (COVID-19),0
2021-01-11,FIND Test directory (COVID-19),2
2021-01-11,FIND Test directory (Ebola),0
2021-01-11,FIND Test directory (Monkeypox),0
2021-01-11,FIND Test directory (NTDs),0
2021-01-18,FIND EQA directory (COVID-19),0
2021-01-18,FIND Test directory (COVID-19),57
2021-01-18,FIND Test directory (Ebola),0
2021-01-18,FIND Test directory (Monkeypox),0
2021-01-18,FIND Test directory (NTDs),0
2021-01-25,FIND EQA directory (COVID-19),0
2021-01-25,FIND Test directory (COVID-19),10
2021-01-25,FIND Test directory (Ebola),0
2021-01-25,FIND Test directory (Monkeypox),0
2021-01-25,FIND Test directory (NTDs),0
2021-02-01,FIND EQA directory (COVID-19),0
2021-02-01,FIND Test directory (COVID-19),51
2021-02-01,FIND Test directory (Ebola),0
2021-02-01,FIND Test directory (Monkeypox),0
2021-02-01,FIND Test directory (NTDs),0
2021-02-08,FIND EQA directory (COVID-19),0
2021-02-08,FIND Test directory (COVID-19),8
2021-02-08,FIND Test directory (Ebola),0
2021-02-08,FIND Test directory (Monkeypox),0
2021-02-08,FIND Test directory (NTDs),0
2021-02-15,FIND EQA directory (COVID-19),0
2021-02-15,FIND Test directory (COVID-19),384
2021-02-15,FIND Test directory (Ebola),0
2021-02-15,FIND Test directory (Monkeypox),0
2021-02-15,FIND Test directory (NTDs),0
2021-02-22,FIND EQA directory (COVID-19),0
2021-02-22,FIND Test directory (COVID-19),644
2021-02-22,FIND Test directory (Ebola),0
2021-02-22,FIND Test directory (Monkeypox),0
2021-02-22,FIND Test directory (NTDs),0
2021-03-01,FIND EQA directory (COVID-19),0
2021-03-01,FIND Test directory (COVID-19),898
2021-03-01,FIND Test directory (Ebola),0
2021-03-01,FIND Test directory (Monkeypox),0
2021-03-01,FIND Test directory (NTDs),0
2021-03-08,FIND EQA directory (COVID-19),0
2021-03-08,FIND Test directory (COVID-19),771
2021-03-08,FIND Test directory (Ebola),0
2021-03-08,FIND Test directory (Monkeypox),0
2021-03-08,FIND Test directory (NTDs),0
2021-03-15,FIND EQA directory (COVID-19),0
2021-03-15,FIND Test directory (COVID-19),704
2021-03-15,FIND Test directory (Ebola),0
2021-03-15,FIND Test directory (Monkeypox),0
2021-03-15,FIND Test directory (NTDs),0
2021-03-22,FIND EQA directory (COVID-19),0
2021-03-22,FIND Test directory (COVID-19),756
2021-03-22,FIND Test directory (Ebola),0
2021-03-22,FIND Test directory (Monkeypox),0
2021-03-22,FIND Test directory (NTDs),0
2021-03-29,FIND EQA directory (COVID-19),0
2021-03-29,FIND Test directory (COVID-19),545
2021-03-29,FIND Test directory (Ebola),0
2021-03-29,FIND Test directory (Monkeypox),0
2021-03-29,FIND Test directory (NTDs),0
2021-04-05,FIND EQA directory (COVID-19),0
2021-04-05,FIND Test directory (COVID-19),693
2021-04-05,FIND Test directory (Ebola),0
2021-04-05,FIND Test directory (Monkeypox),0
2021-04-05,FIND Test directory (NTDs),0
2021-04-12,FIND EQA directory (COVID-19),0
2021-04-12,FIND Test directory (COVID-19),919
2021-04-12,FIND Test directory (Ebola),0
2021-04-12,FIND Test directory (Monkeypox),0
2021-04-12,FIND Test directory (NTDs),0
2021-04-19,FIND EQA directory (COVID-19),0
2021-04-19,FIND Test directory (COVID-19),688
2021-04-19,FIND Test directory (Ebola),0
2021-04-19,FIND Test directory (Monkeypox),0
2021-04-19,FIND Test directory (NTDs),0
2021-04-26,FIND EQA directory (COVID-19),0
2021-04-26,FIND Test directory (COVID-19),839
2021-04-26,FIND Test directory (Ebola),0
2021-04-26,FIND Test directory (Monkeypox),0
2021-04-26,FIND Test directory (NTDs),0
2021-05-03,FIND EQA directory (COVID-19),0
2021-05-03,FIND Test directory (COVID-19),699
2021-05-03,FIND Test directory (Ebola),0
2021-05-03,FIND Test directory (Monkeypox),0
2021-05-03,FIND Test directory (NTDs),0
2021-05-10,FIND EQA directory (COVID-19),0
2021-05-10,FIND Test directory (COVID-19),615
2021-05-10,FIND Test directory (Ebola),0
2021-05-10,FIND Test directory (Monkeypox),0
2021-05-10,FIND Test directory (NTDs),0
2021-05-17,FIND EQA directory (COVID-19),0
2021-05-17,FIND Test directory (COVID-19),604
2021-05-17,FIND Test directory (Ebola),0
2021-05-17,FIND Test directory (Monkeypox),0
2021-05-17,FIND Test directory (NTDs),0
2021-05-24,FIND EQA directory (COVID-19),0
2021-05-24,FIND Test directory (COVID-19),606
2021-05-24,FIND Test directory (Ebola),0
2021-05-24,FIND Test directory (Monkeypox),0
2021-05-24,FIND Test directory (NTDs),0
2021-05-31,FIND EQA directory (COVID-19),0
2021-05-31,FIND Test directory (COVID-19),531
2021-05-31,FIND Test directory (Ebola),0
2021-05-31,FIND Test directory (Monkeypox),0
2021-05-31,FIND Test directory (NTDs),0
2021-06-07,FIND EQA directory (COVID-19),0
2021-06-07,FIND Test directory (COVID-19),564
2021-06-07,FIND Test directory (Ebola),0
2021-06-07,FIND Test directory (Monkeypox),0
2021-06-07,FIND Test directory (NTDs),0
2021-06-14,FIND EQA directory (COVID-19),0
2021-06-14,FIND Test directory (COVID-19),660
2021-06-14,FIND Test directory (Ebola),0
2021-06-14,FIND Test directory (Monkeypox),0
2021-06-14,FIND Test directory (NTDs),0
2021-06-21,FIND EQA directory (COVID-19),0
2021-06-21,FIND Test directory (COVID-19),586
2021-06-21,FIND Test directory (Ebola),0
2021-06-21,FIND Test directory (Monkeypox),0
2021-06-21,FIND Test directory (NTDs),0
2021-06-28,FIND EQA directory (COVID-19),0
2021-06-28,FIND Test directory (COVID-19),578
2021-06-28,FIND Test directory (Ebola),0
2021-06-28,FIND Test directory (Monkeypox),0
2021-06-28,FIND Test directory (NTDs),0
2021-07-05,FIND EQA directory (COVID-19),0
2021-07-05,FIND Test directory (COVID-19),620
2021-07-05,FIND Test directory (Ebola),0
2021-07-05,FIND Test directory (Monkeypox),0
2021-07-05,FIND Test directory (NTDs),0
2021-07-12,FIND EQA directory (COVID-19),0
2021-07-12,FIND Test directory (COVID-19),710
2021-07-12,FIND Test directory (Ebola),0
2021-07-12,FIND Test directory (Monkeypox),0
2021-07-12,FIND Test directory (NTDs),0
2021-07-19,FIND EQA directory (COVID-19),0
2021-07-19,FIND Test directory (COVID-19),637
2021-07-19,FIND Test directory (Ebola),0
2021-07-19,FIND Test directory (Monkeypox),0
2021-07-19,FIND Test directory (NTDs),0
2021-07-26,FIND EQA directory (COVID-19),0
2021-07-26,FIND Test directory (COVID-19),551
2021-07-26,FIND Test directory (Ebola),0
2021-07-26,FIND Test directory (Monkeypox),0
2021-07-26,FIND Test directory (NTDs),0
2021-08-02,FIND EQA directory (COVID-19),0
2021-08-02,FIND Test directory (COVID-19),557
2021-08-02,FIND Test directory (Ebola),0
2021-08-02,FIND Test directory (Monkeypox),0
2021-08-02,FIND Test directory (NTDs),0
2021-08-09,FIND EQA directory (COVID-19),0
2021-08-09,FIND Test directory (COVID-19),649
2021-08-09,FIND Test directory (Ebola),0
2021-08-09,FIND Test directory (Monkeypox),0
2021-08-09,FIND Test directory (NTDs),0
2021-08-16,FIND EQA directory (COVID-19),0
2021-08-16,FIND Test directory (COVID-19),557
2021-08-16,FIND Test directory (Ebola),0
2021-08-16,FIND Test directory (Monkeypox),0
2021-08-16,FIND Test directory (NTDs),0
2021-08-23,FIND EQA directory (COVID-19),0
2021-08-23,FIND Test directory (COVID-19),596
2021-08-23,FIND Test directory (Ebola),0
2021-08-23,FIND Test directory (Monkeypox),0
2021-08-23,FIND Test directory (NTDs),0
2021-08-30,FIND EQA directory (COVID-19),0
2021-08-30,FIND Test directory (COVID-19),622
2021-08-30,FIND Test directory (Ebola),0
2021-08-30,FIND Test directory (Monkeypox),0
2021-08-30,FIND Test directory (NTDs),0
2021-09-06,FIND EQA directory (COVID-19),0
2021-09-06,FIND Test directory (COVID-19),577
2021-09-06,FIND Test directory (Ebola),0
2021-09-06,FIND Test directory (Monkeypox),0
2021-09-06,FIND Test directory (NTDs),0
2021-09-13,FIND EQA directory (COVID-19),0
2021-09-13,FIND Test directory (COVID-19),596
2021-09-13,FIND Test directory (Ebola),0
2021-09-13,FIND Test directory (Monkeypox),0
2021-09-13,FIND Test directory (NTDs),0
2021-09-20,FIND EQA directory (COVID-19),0
2021-09-20,FIND Test directory (COVID-19),599
2021-09-20,FIND Test directory (Ebola),0
2021-09-20,FIND Test directory (Monkeypox),0
2021-09-20,FIND Test directory (NTDs),0
2021-09-27,FIND EQA directory (COVID-19),0
2021-09-27,FIND Test directory (COVID-19),479
2021-09-27,FIND Test directory (Ebola),0
2021-09-27,FIND Test directory (Monkeypox),0
2021-09-27,FIND Test directory (NTDs),0
2021-10-04,FIND EQA directory (COVID-19),0
2021-10-04,FIND Test directory (COVID-19),511
2021-10-04,FIND Test directory (Ebola),0
2021-10-04,FIND Test directory (Monkeypox),0
2021-10-04,FIND Test directory (NTDs),0
2021-10-11,FIND EQA directory (COVID-19),0
2021-10-11,FIND Test directory (COVID-19),542
2021-10-11,FIND Test directory (Ebola),0
2021-10-11,FIND Test directory (Monkeypox),0
2021-10-11,FIND Test directory (NTDs),0
2021-10-18,FIND EQA directory (COVID-19),0
2021-10-18,FIND Test directory (COVID-19),391
2021-10-18,FIND Test directory (Ebola),0
2021-10-18,FIND Test directory (Monkeypox),0
2021-10-18,FIND Test directory (NTDs),0
2021-10-25,FIND EQA directory (COVID-19),0
2021-10-25,FIND Test directory (COVID-19),487
2021-10-25,FIND Test directory (Ebola),0
2021-10-25,FIND Test directory (Monkeypox),0
2021-10-25,FIND Test directory (NTDs),0
2021-11-01,FIND EQA directory (COVID-19),0
2021-11-01,FIND Test directory (COVID-19),373
2021-11-01,FIND Test directory (Ebola),0
2021-11-01,FIND Test directory (Monkeypox),0
2021-11-01,FIND Test directory (NTDs),0
2021-11-08,FIND EQA directory (COVID-19),0
2021-11-08,FIND Test directory (COVID-19),437
2021-11-08,FIND Test directory (Ebola),0
2021-11-08,FIND Test directory (Monkeypox),0
2021-11-08,FIND Test directory (NTDs),0
2021-11-15,FIND EQA directory (COVID-19),0
2021-11-15,FIND Test directory (COVID-19),416
2021-11-15,FIND Test directory (Ebola),0
2021-11-15,FIND Test directory (Monkeypox),0
2021-11-15,FIND Test directory (NTDs),0
2021-11-22,FIND EQA directory (COVID-19),0
2021-11-22,FIND Test directory (COVID-19),488
2021-11-22,FIND Test directory (Ebola),0
2021-11-22,FIND Test directory (Monkeypox),0
2021-11-22,FIND Test directory (NTDs),0
2021-11-29,FIND EQA directory (COVID-19),0
2021-11-29,FIND Test directory (COVID-19),944
2021-11-29,FIND Test directory (Ebola),0
2021-11-29,FIND Test directory (Monkeypox),0
2021-11-29,FIND Test directory (NTDs),0
2021-12-06,FIND EQA directory (COVID-19),0
2021-12-06,FIND Test directory (COVID-19),646
2021-12-06,FIND Test directory (Ebola),0
2021-12-06,FIND Test directory (Monkeypox),0
2021-12-06,FIND Test directory (NTDs),0
2021-12-13,FIND EQA directory (COVID-19),0
2021-12-13,FIND Test directory (COVID-19),712
2021-12-13,FIND Test directory (Ebola),0
2021-12-13,FIND Test directory (Monkeypox),0
2021-12-13,FIND Test directory (NTDs),0
2021-12-20,FIND EQA directory (COVID-19),0
2021-12-20,FIND Test directory (COVID-19),604
2021-12-20,FIND Test directory (Ebola),0
2021-12-20,FIND Test directory (Monkeypox),0
2021-12-20,FIND Test directory (NTDs),0
2021-12-27,FIND EQA directory (COVID-19),0
2021-12-27,FIND Test directory (COVID-19),578
2021-12-27,FIND Test directory (Ebola),0
2021-12-27,FIND Test directory (Monkeypox),0
2021-12-27,FIND Test directory (NTDs),0
2022-01-03,FIND EQA directory (COVID-19),0
2022-01-03,FIND Test directory (COVID-19),864
2022-01-03,FIND Test directory (Ebola),0
2022-01-03,FIND Test directory (Monkeypox),0
2022-01-03,FIND Test directory (NTDs),0
2022-01-10,FIND EQA directory (COVID-19),0
2022-01-10,FIND Test directory (COVID-19),864
2022-01-10,FIND Test directory (Ebola),0
2022-01-10,FIND Test directory (Monkeypox),0
2022-01-10,FIND Test directory (NTDs),0
2022-01-17,FIND EQA directory (COVID-19),0
2022-01-17,FIND Test directory (COVID-19),706
2022-01-17,FIND Test directory (Ebola),0
2022-01-17,FIND Test directory (Monkeypox),0
2022-01-17,FIND Test directory (NTDs),0
2022-01-24,FIND EQA directory (COVID-19),0
2022-01-24,FIND Test directory (COVID-19),591
2022-01-24,FIND Test directory (Ebola),0
2022-01-24,FIND Test directory (Monkeypox),0
2022-01-24,FIND Test directory (NTDs),0
2022-01-31,FIND EQA directory (COVID-19),0
2022-01-31,FIND Test directory (COVID-19),214
2022-01-31,FIND Test directory (Ebola),0
2022-01-31,FIND Test directory (Monkeypox),0
2022-01-31,FIND Test directory (NTDs),0
2022-02-07,FIND EQA directory (COVID-19),0
2022-02-07,FIND Test directory (COVID-19),259
2022-02-07,FIND Test directory (Ebola),0
2022-02-07,FIND Test directory (Monkeypox),0
2022-02-07,FIND Test directory (NTDs),0
2022-02-14,FIND EQA directory (COVID-19),0
2022-02-14,FIND Test directory (COVID-19),158
2022-02-14,FIND Test directory (Ebola),0
2022-02-14,FIND Test directory (Monkeypox),0
2022-02-14,FIND Test directory (NTDs),0
2022-02-21,FIND EQA directory (COVID-19),0
2022-02-21,FIND Test directory (COVID-19),0
2022-02-21,FIND Test directory (Ebola),0
2022-02-21,FIND Test directory (Monkeypox),0
2022-02-21,FIND Test directory (NTDs),0
2022-02-28,FIND EQA directory (COVID-19),0
2022-02-28,FIND Test directory (COVID-19),341
2022-02-28,FIND Test directory (Ebola),0
2022-02-28,FIND Test directory (Monkeypox),0
2022-02-28,FIND Test directory (NTDs),0
2022-03-07,FIND EQA directory (COVID-19),0
2022-03-07,FIND Test directory (COVID-19),287
2022-03-07,FIND Test directory (Ebola),0
2022-03-07,FIND Test directory (Monkeypox),0
2022-03-07,FIND Test directory (NTDs),0
2022-03-14,FIND EQA directory (COVID-19),0
2022-03-14,FIND Test directory (COVID-19),271
2022-03-14,FIND Test directory (Ebola),0
2022-03-14,FIND Test directory (Monkeypox),0
2022-03-14,FIND Test directory (NTDs),0
2022-03-21,FIND EQA directory (COVID-19),0
2022-03-21,FIND Test directory (COVID-19),258
2022-03-21,FIND Test directory (Ebola),0
2022-03-21,FIND Test directory (Monkeypox),0
2022-03-21,FIND Test directory (NTDs),0
2022-03-28,FIND EQA directory (COVID-19),0
2022-03-28,FIND Test directory (COVID-19),223
2022-03-28,FIND Test directory (Ebola),0
2022-03-28,FIND Test directory (Monkeypox),0
2022-03-28,FIND Test directory (NTDs),0
2022-04-04,FIND EQA directory (COVID-19),0
2022-04-04,FIND Test directory (COVID-19),200
2022-04-04,FIND Test directory (Ebola),0
2022-04-04,FIND Test directory (Monkeypox),0
2022-04-04,FIND Test directory (NTDs),0
2022-04-11,FIND EQA directory (COVID-19),0
2022-04-11,FIND Test directory (COVID-19),194
2022-04-11,FIND Test directory (Ebola),0
2022-04-11,FIND Test directory (Monkeypox),0
2022-04-11,FIND Test directory (NTDs),0
2022-04-18,FIND EQA directory (COVID-19),0
2022-04-18,FIND Test directory (COVID-19),169
2022-04-18,FIND Test directory (Ebola),0
2022-04-18,FIND Test directory (Monkeypox),0
2022-04-18,FIND Test directory (NTDs),0
2022-04-25,FIND EQA directory (COVID-19),0
2022-04-25,FIND Test directory (COVID-19),165
2022-04-25,FIND Test directory (Ebola),0
2022-04-25,FIND Test directory (Monkeypox),0
2022-04-25,FIND Test directory (NTDs),0
2022-05-02,FIND EQA directory (COVID-19),0
2022-05-02,FIND Test directory (COVID-19),140
2022-05-02,FIND Test directory (Ebola),0
2022-05-02,FIND Test directory (Monkeypox),0
2022-05-02,FIND Test directory (NTDs),0
2022-05-09,FIND EQA directory (COVID-19),0
2022-05-09,FIND Test directory (COVID-19),170
2022-05-09,FIND Test directory (Ebola),0
2022-05-09,FIND Test directory (Monkeypox),0
2022-05-09,FIND Test directory (NTDs),0
2022-05-16,FIND EQA directory (COVID-19),0
2022-05-16,FIND Test directory (COVID-19),146
2022-05-16,FIND Test directory (Ebola),0
2022-05-16,FIND Test directory (Monkeypox),0
2022-05-16,FIND Test directory (NTDs),0
2022-05-23,FIND EQA directory (COVID-19),0
2022-05-23,FIND Test directory (COVID-19),131
2022-05-23,FIND Test directory (Ebola),0
2022-05-23,FIND Test directory (Monkeypox),572
2022-05-23,FIND Test directory (NTDs),0
2022-05-30,FIND EQA directory (COVID-19),0
2022-05-30,FIND Test directory (COVID-19),155
2022-05-30,FIND Test directory (Ebola),0
2022-05-30,FIND Test directory (Monkeypox),649
2022-05-30,FIND Test directory (NTDs),0
2022-06-06,FIND EQA directory (COVID-19),0
2022-06-06,FIND Test directory (COVID-19),191
2022-06-06,FIND Test directory (Ebola),0
2022-06-06,FIND Test directory (Monkeypox),491
2022-06-06,FIND Test directory (NTDs),0
2022-06-13,FIND EQA directory (COVID-19),0
2022-06-13,FIND Test directory (COVID-19),200
2022-06-13,FIND Test directory (Ebola),0
2022-06-13,FIND Test directory (Monkeypox),399
2022-06-13,FIND Test directory (NTDs),0
2022-06-20,FIND EQA directory (COVID-19),0
2022-06-20,FIND Test directory (COVID-19),166
2022-06-20,FIND Test directory (Ebola),0
2022-06-20,FIND Test directory (Monkeypox),332
2022-06-20,FIND Test directory (NTDs),0
2022-06-27,FIND EQA directory (COVID-19),0
2022-06-27,FIND Test directory (COVID-19),185
2022-06-27,FIND Test directory (Ebola),0
2022-06-27,FIND Test directory (Monkeypox),253
2022-06-27,FIND Test directory (NTDs),0
2022-07-04,FIND EQA directory (COVID-19),0
2022-07-04,FIND Test directory (COVID-19),208
2022-07-04,FIND Test directory (Ebola),0
2022-07-04,FIND Test directory (Monkeypox),203
2022-07-04,FIND Test directory (NTDs),0
2022-07-11,FIND EQA directory (COVID-19),0
2022-07-11,FIND Test directory (COVID-19),240
2022-07-11,FIND Test directory (Ebola),0
2022-07-11,FIND Test directory (Monkeypox),203
2022-07-11,FIND Test directory (NTDs),0
2022-07-18,FIND EQA directory (COVID-19),0
2022-07-18,FIND Test directory (COVID-19),152
2022-07-18,FIND Test directory (Ebola),0
2022-07-18,FIND Test directory (Monkeypox),317
2022-07-18,FIND Test directory (NTDs),0
2022-07-25,FIND EQA directory (COVID-19),0
2022-07-25,FIND Test directory (COVID-19),185
2022-07-25,FIND Test directory (Ebola),0
2022-07-25,FIND Test directory (Monkeypox),450
2022-07-25,FIND Test directory (NTDs),0
2022-08-01,FIND EQA directory (COVID-19),0
2022-08-01,FIND Test directory (COVID-19),172
2022-08-01,FIND Test directory (Ebola),0
2022-08-01,FIND Test directory (Monkeypox),503
2022-08-01,FIND Test directory (NTDs),0
2022-08-08,FIND EQA directory (COVID-19),0
2022-08-08,FIND Test directory (COVID-19),162
2022-08-08,FIND Test directory (Ebola),0
2022-08-08,FIND Test directory (Monkeypox),340
2022-08-08,FIND Test directory (NTDs),0
2022-08-15,FIND EQA directory (COVID-19),0
2022-08-15,FIND Test directory (COVID-19),152
2022-08-15,FIND Test directory (Ebola),0
2022-08-15,FIND Test directory (Monkeypox),290
2022-08-15,FIND Test directory (NTDs),0
2022-08-22,FIND EQA directory (COVID-19),0
2022-08-22,FIND Test directory (COVID-19),164
2022-08-22,FIND Test directory (Ebola),0
2022-08-22,FIND Test directory (Monkeypox),347
2022-08-22,FIND Test directory (NTDs),0
2022-08-29,FIND EQA directory (COVID-19),0
2022-08-29,FIND Test directory (COVID-19),157
2022-08-29,FIND Test directory (Ebola),0
2022-08-29,FIND Test directory (Monkeypox),287
2022-08-29,FIND Test directory (NTDs),0
2022-09-05,FIND EQA directory (COVID-19),0
2022-09-05,FIND Test directory (COVID-19),112
2022-09-05,FIND Test directory (Ebola),0
2022-09-05,FIND Test directory (Monkeypox),217
2022-09-05,FIND Test directory (NTDs),0
2022-09-12,FIND EQA directory (COVID-19),0
2022-09-12,FIND Test directory (COVID-19),150
2022-09-12,FIND Test directory (Ebola),0
2022-09-12,FIND Test directory (Monkeypox),144
2022-09-12,FIND Test directory (NTDs),0
2022-09-19,FIND EQA directory (COVID-19),0
2022-09-19,FIND Test directory (COVID-19),148
2022-09-19,FIND Test directory (Ebola),0
2022-09-19,FIND Test directory (Monkeypox),150
2022-09-19,FIND Test directory (NTDs),0
2022-09-26,FIND EQA directory (COVID-19),0
2022-09-26,FIND Test directory (COVID-19),142
2022-09-26,FIND Test directory (Ebola),0
2022-09-26,FIND Test directory (Monkeypox),118
2022-09-26,FIND Test directory (NTDs),8
2022-10-03,FIND EQA directory (COVID-19),0
2022-10-03,FIND Test directory (COVID-19),188
2022-10-03,FIND Test directory (Ebola),0
2022-10-03,FIND Test directory (Monkeypox),129
2022-10-03,FIND Test directory (NTDs),23
2022-10-10,FIND EQA directory (COVID-19),0
2022-10-10,FIND Test directory (COVID-19),138
2022-10-10,FIND Test directory (Ebola),0
2022-10-10,FIND Test directory (Monkeypox),105
2022-10-10,FIND Test directory (NTDs),129
2022-10-17,FIND EQA directory (COVID-19),0
2022-10-17,FIND Test directory (COVID-19),227
2022-10-17,FIND Test directory (Ebola),0
2022-10-17,FIND Test directory (Monkeypox),218
2022-10-17,FIND Test directory (NTDs),231
2022-10-24,FIND EQA directory (COVID-19),11
2022-10-24,FIND Test directory (COVID-19),126
2022-10-24,FIND Test directory (Ebola),2
2022-10-24,FIND Test directory (Monkeypox),86
2022-10-24,FIND Test directory (NTDs),50
2022-10-31,FIND EQA directory (COVID-19),4
2022-10-31,FIND Test directory (COVID-19),178
2022-10-31,FIND Test directory (Ebola),135
2022-10-31,FIND Test directory (Monkeypox),62
2022-10-31,FIND Test directory (NTDs),69
2022-11-07,FIND EQA directory (COVID-19),7
2022-11-07,FIND Test directory (COVID-19),141
2022-11-07,FIND Test directory (Ebola),69
2022-11-07,FIND Test directory (Monkeypox),71
2022-11-07,FIND Test directory (NTDs),74
2022-11-14,FIND EQA directory (COVID-19),8
2022-11-14,FIND Test directory (COVID-19),105
2022-11-14,FIND Test directory (Ebola),33
2022-11-14,FIND Test directory (Monkeypox),58
2022-11-14,FIND Test directory (NTDs),31
2022-11-21,FIND EQA directory (COVID-19),4
2022-11-21,FIND Test directory (COVID-19),120
2022-11-21,FIND Test directory (Ebola),23
2022-11-21,FIND Test directory (Monkeypox),47
2022-11-21,FIND Test directory (NTDs),69
2022-11-28,FIND EQA directory (COVID-19),4
2022-11-28,FIND Test directory (COVID-19),112
2022-11-28,FIND Test directory (Ebola),28
2022-11-28,FIND Test directory (Monkeypox),42
2022-11-28,FIND Test directory (NTDs),27
2022-12-05,FIND EQA directory (COVID-19),4
2022-12-05,FIND Test directory (COVID-19),84
2022-12-05,FIND Test directory (Ebola),43
2022-12-05,FIND Test directory (Monkeypox),27
2022-12-05,FIND Test directory (NTDs),40
2022-12-12,FIND EQA directory (COVID-19),2
2022-12-12,FIND Test directory (COVID-19),70
2022-12-12,FIND Test directory (Ebola),16
2022-12-12,FIND Test directory (Monkeypox),25
2022-12-12,FIND Test directory (NTDs),30
2022-12-19,FIND EQA directory (COVID-19),0
2022-12-19,FIND Test directory (COVID-19),0
2022-12-19,FIND Test directory (Ebola),0
2022-12-19,FIND Test directory (Monkeypox),0
2022-12-19,FIND Test directory (NTDs),0
2022-12-26,FIND EQA directory (COVID-19),0
2022-12-26,FIND Test directory (COVID-19),1
2022-12-26,FIND Test directory (Ebola),1
2022-12-26,FIND Test directory (Monkeypox),0
2022-12-26,FIND Test directory (NTDs),0
2023-01-02,FIND Test directory (COVID-19),79
2023-01-02,FIND Test directory (Outbreaks),29
2023-01-09,FIND Test directory (COVID-19),183
2023-01-09,FIND Test directory (Outbreaks),45
2023-01-16,FIND Test directory (COVID-19),146
2023-01-16,FIND Test directory (Outbreaks),57
2023-01-23,FIND Test directory (COVID-19),93
2023-01-23,FIND Test directory (Outbreaks),24
2023-01-30,FIND Test directory (COVID-19),126
2023-01-30,FIND Test directory (Outbreaks),28
2023-02-06,FIND Test directory (COVID-19),100
2023-02-06,FIND Test directory (Outbreaks),31
2023-02-13,FIND Test directory (COVID-19),78
2023-02-13,FIND Test directory (Outbreaks),28
2023-02-20,FIND Test directory (COVID-19),135
2023-02-20,FIND Test directory (Outbreaks),19
2023-02-27,FIND Test directory (COVID-19),105
2023-02-27,FIND Test directory (Outbreaks),33
2023-03-06,FIND Test directory (COVID-19),83
2023-03-06,FIND Test directory (Outbreaks),22
2023-03-13,FIND Test directory (COVID-19),50
2023-03-13,FIND Test directory (Outbreaks),18
2023-03-20,FIND Test directory (COVID-19),46
2023-03-20,FIND Test directory (Outbreaks),22
2023-03-27,FIND Test directory (COVID-19),91
2023-03-27,FIND Test directory (Outbreaks),55
2023-04-03,FIND Test directory (AMR),99
2023-04-03,FIND Test directory (COVID-19),84
2023-04-03,FIND Test directory (Outbreaks),21
2023-04-10,FIND Test directory (AMR),266
2023-04-10,FIND Test directory (COVID-19),87
2023-04-10,FIND Test directory (Outbreaks),24
2023-04-17,FIND Test directory (AMR),170
2023-04-17,FIND Test directory (COVID-19),48
2023-04-17,FIND Test directory (Outbreaks),14
2023-04-24,FIND Test directory (AMR),80
2023-04-24,FIND Test directory (COVID-19),41
2023-04-24,FIND Test directory (Outbreaks),32
2023-05-01,FIND Test directory (AMR),54
2023-05-01,FIND Test directory (COVID-19),45
2023-05-01,FIND Test directory (Outbreaks),18
2023-05-08,FIND Test directory (AMR),67
2023-05-08,FIND Test directory (COVID-19),59
2023-05-08,FIND Test directory (Outbreaks),25
2023-05-15,FIND Test directory (AMR),70
2023-05-15,FIND Test directory (COVID-19),45
2023-05-15,FIND Test directory (Outbreaks),20
2023-05-22,FIND Test directory (AMR),67
2023-05-22,FIND Test directory (COVID-19),35
2023-05-22,FIND Test directory (Outbreaks),6
2023-05-29,FIND Test directory (AMR),62
2023-05-29,FIND Test directory (COVID-19),37
2023-05-29,FIND Test directory (Outbreaks),7
2023-06-05,FIND Test directory (AMR),41
2023-06-05,FIND Test directory (COVID-19),39
2023-06-05,FIND Test directory (Outbreaks),15
2023-06-12,FIND Test directory (AMR),50
2023-06-12,FIND Test directory (COVID-19),54
2023-06-12,FIND Test directory (Outbreaks),24
2023-06-19,FIND Test directory (AMR),41
2023-06-19,FIND Test directory (COVID-19),56
2023-06-19,FIND Test directory (Outbreaks),18
2023-06-26,FIND Test directory (AMR),25
2023-06-26,FIND Test directory (COVID-19),54
2023-06-26,FIND Test directory (Outbreaks),28
2023-07-03,FIND Test directory (AMR),31
2023-07-03,FIND Test directory (COVID-19),28
2023-07-03,FIND Test directory (Outbreaks),7
2023-07-10,FIND Test directory (AMR),51
2023-07-10,FIND Test directory (COVID-19),58
2023-07-10,FIND Test directory (Outbreaks),22
2023-07-17,FIND Test directory (AMR),37
2023-07-17,FIND Test directory (COVID-19),49
2023-07-17,FIND Test directory (Outbreaks),8
2023-07-24,FIND Test directory (AMR),22
2023-07-24,FIND Test directory (COVID-19),24
2023-07-24,FIND Test directory (Outbreaks),5
2023-07-31,FIND Test directory (AMR),20
2023-07-31,FIND Test directory (COVID-19),26
2023-07-31,FIND Test directory (Outbreaks),12
2023-08-07,FIND Test directory (AMR),31
2023-08-07,FIND Test directory (COVID-19),34
2023-08-07,FIND Test directory (Outbreaks),46
2023-08-14,FIND Test directory (AMR),35
2023-08-14,FIND Test directory (COVID-19),49
2023-08-14,FIND Test directory (Outbreaks),14
2023-08-21,FIND Test directory (AMR),29
2023-08-21,FIND Test directory (COVID-19),37
2023-08-21,FIND Test directory (Outbreaks),26
2023-08-28,FIND Test directory (AMR),27
2023-08-28,FIND Test directory (COVID-19),32
2023-08-28,FIND Test directory (Outbreaks),20
2023-09-04,FIND Test directory (AMR),67
2023-09-04,FIND Test directory (COVID-19),39
2023-09-04,FIND Test directory (Outbreaks),14
2023-09-11,FIND Test directory (AMR),67
2023-09-11,FIND Test directory (COVID-19),48
2023-09-11,FIND Test directory (Outbreaks),14
2023-09-18,FIND Test directory (AMR),66
2023-09-18,FIND Test directory (COVID-19),63
2023-09-18,FIND Test directory (Outbreaks),31
2023-09-25,FIND Test directory (AMR),50
2023-09-25,FIND Test directory (COVID-19),35
2023-09-25,FIND Test directory (Outbreaks),9
2023-10-02,FIND Test directory (AMR),47
2023-10-02,FIND Test directory (COVID-19),31
2023-10-02,FIND Test directory (Outbreaks),21
2023-10-09,FIND Test directory (AMR),29
2023-10-09,FIND Test directory (COVID-19),21
2023-10-09,FIND Test directory (Outbreaks),15
2023-10-16,FIND Test directory (AMR),44
2023-10-16,FIND Test directory (COVID-19),28
2023-10-16,FIND Test directory (Outbreaks),32
2023-10-23,FIND Test directory (AMR),37
2023-10-23,FIND Test directory (COVID-19),39
2023-10-23,FIND Test directory (Outbreaks),21
2023-10-30,FIND Test directory (AMR),41
2023-10-30,FIND Test directory (COVID-19),35
2023-10-30,FIND Test directory (Outbreaks),13
2023-11-06,FIND Test directory (AMR),87
2023-11-06,FIND Test directory (COVID-19),17
2023-11-06,FIND Test directory (Outbreaks),5
2023-11-06,FIND Test directory (TB),26
2023-11-13,FIND Test directory (AMR),25
2023-11-20,FIND Test directory (AMR),28
2023-11-27,FIND Test directory (AMR),30
2023-12-04,FIND Test directory (AMR),34
2023-12-11,FIND Test directory (AMR),24
2023-12-18,FIND Test directory (AMR),27
2023-12-25,FIND Test directory (AMR),4
2024-01-01,FIND Test directory (AMR),26
2024-01-01,FIND Test directory (COVID-19),17
2024-01-01,FIND Test directory (NTDs),7
2024-01-01,FIND Test directory (Outbreaks),19
2024-01-01,FIND Test directory (TB),33
2024-01-08,FIND Test directory (AMR),30
2024-01-08,FIND Test directory (COVID-19),25
2024-01-08,FIND Test directory (NTDs),10
2024-01-08,FIND Test directory (Outbreaks),23
2024-01-08,FIND Test directory (TB),35
2024-01-15,FIND Test directory (AMR),24
2024-01-15,FIND Test directory (COVID-19),22
2024-01-15,FIND Test directory (NTDs),8
2024-01-15,FIND Test directory (Outbreaks),25
2024-01-15,FIND Test directory (TB),21
2024-01-22,FIND Test directory (AMR),36
2024-01-22,FIND Test directory (COVID-19),45
2024-01-22,FIND Test directory (NTDs),11
2024-01-22,FIND Test directory (Outbreaks),22
2024-01-22,FIND Test directory (TB),21
2024-01-29,FIND Test directory (AMR),150
2024-01-29,FIND Test directory (COVID-19),24
2024-01-29,FIND Test directory (NTDs),31
2024-01-29,FIND Test directory (Outbreaks),15
2024-01-29,FIND Test directory (TB),51
2024-02-05,FIND Test directory (AMR),91
2024-02-05,FIND Test directory (COVID-19),26
2024-02-05,FIND Test directory (NTDs),6
2024-02-05,FIND Test directory (Outbreaks),30
2024-02-05,FIND Test directory (TB),16
2024-02-12,FIND Test directory (AMR),35
2024-02-12,FIND Test directory (COVID-19),17
2024-02-12,FIND Test directory (NTDs),19
2024-02-12,FIND Test directory (Outbreaks),16
2024-02-12,FIND Test directory (TB),21
2024-02-19,FIND Test directory (AMR),45
2024-02-19,FIND Test directory (COVID-19),18
2024-02-19,FIND Test directory (NTDs),12
2024-02-19,FIND Test directory (Outbreaks),16
2024-02-19,FIND Test directory (TB),24
2024-02-26,FIND Test directory (AMR),48
2024-02-26,FIND Test directory (COVID-19),31
2024-02-26,FIND Test directory (NTDs),19
2024-02-26,FIND Test directory (Outbreaks),45
2024-02-26,FIND Test directory (TB),29
2024-03-04,FIND Test directory (AMR),23
2024-03-04,FIND Test directory (COVID-19),25
2024-03-04,FIND Test directory (NTDs),10
2024-03-04,FIND Test directory (Outbreaks),57
2024-03-04,FIND Test directory (TB),22
2024-03-11,FIND Test directory (AMR),28
2024-03-11,FIND Test directory (COVID-19),26
2024-03-11,FIND Test directory (NTDs),5
2024-03-11,FIND Test directory (Outbreaks),41
2024-03-11,FIND Test directory (TB),6
2024-03-18,FIND Test directory (AMR),51
2024-03-18,FIND Test directory (COVID-19),16
2024-03-18,FIND Test directory (NTDs),3
2024-03-18,FIND Test directory (Outbreaks),11
2024-03-18,FIND Test directory (TB),53
2024-03-25,FIND Test directory (AMR),27
2024-03-25,FIND Test directory (COVID-19),11
2024-03-25,FIND Test directory (NTDs),3
2024-03-25,FIND Test directory (Outbreaks),22
2024-03-25,FIND Test directory (TB),53
2024-04-01,FIND Test directory (AMR),29
2024-04-01,FIND Test directory (COVID-19),26
2024-04-01,FIND Test directory (NTDs),4
2024-04-01,FIND Test directory (Outbreaks),11
2024-04-01,FIND Test directory (TB),43
2024-04-08,FIND Test directory (AMR),35
2024-04-08,FIND Test directory (COVID-19),14
2024-04-08,FIND Test directory (NTDs),9
2024-04-08,FIND Test directory (Outbreaks),11
2024-04-08,FIND Test directory (TB),36
2024-04-15,FIND Test directory (AMR),26
2024-04-15,FIND Test directory (COVID-19),17
2024-04-15,FIND Test directory (NTDs),9
2024-04-15,FIND Test directory (Outbreaks),9
2024-04-15,FIND Test directory (TB),9
2024-04-22,FIND Test directory (AMR),17
2024-04-22,FIND Test directory (COVID-19),25
2024-04-22,FIND Test directory (NTDs),8
2024-04-22,FIND Test directory (Outbreaks),32
2024-04-22,FIND Test directory (TB),19
2024-04-29,FIND Test directory (AMR),27
2024-04-29,FIND Test directory (COVID-19),13
2024-04-29,FIND Test directory (NTDs),11
2024-04-29,FIND Test directory (Outbreaks),11
2024-04-29,FIND Test directory (TB),22
2024-05-06,FIND Test directory (AMR),20
2024-05-06,FIND Test directory (COVID-19),11
2024-05-06,FIND Test directory (NTDs),6
2024-05-06,FIND Test directory (Outbreaks),10
2024-05-06,FIND Test directory (TB),19
2024-05-13,FIND Test directory (AMR),53
2024-05-13,FIND Test directory (COVID-19),9
2024-05-13,FIND Test directory (NTDs),5
2024-05-13,FIND Test directory (Outbreaks),13
2024-05-13,FIND Test directory (TB),23
2024-05-20,FIND Test directory (AMR),38
2024-05-20,FIND Test directory (COVID-19),21
2024-05-20,FIND Test directory (NTDs),5
2024-05-20,FIND Test directory (Outbreaks),19
2024-05-20,FIND Test directory (TB),37
2024-05-27,FIND Test directory (AMR),14
2024-05-27,FIND Test directory (COVID-19),7
2024-05-27,FIND Test directory (NTDs),6
2024-05-27,FIND Test directory (Outbreaks),15
2024-05-27,FIND Test directory (TB),24
2024-06-03,FIND Test directory (AMR),63
2024-06-03,FIND Test directory (COVID-19),19
2024-06-03,FIND Test directory (NTDs),11
2024-06-03,FIND Test directory (Outbreaks),17
2024-06-03,FIND Test directory (TB),24
2024-06-10,FIND Test directory (AMR),16
2024-06-10,FIND Test directory (COVID-19),3
2024-06-10,FIND Test directory (NTDs),10
2024-06-10,FIND Test directory (Outbreaks),28
2024-06-10,FIND Test directory (TB),8
